trial_id,assay,fps,recording_frames,window_frames,scorable_frames,unknown_frames_window,validity_status,occupied_fraction,scored,immobility_s,immobility_raw_s,mobility_s,mobility_bouts,first_mobility_onset_s,gate_messages,trial_id_raw,_source_csv
10mg_2周-ch1,TST,25.0,9000,9000,7800,1200,valid,1.0,True,143.56,153.4,216.44,16,0.2,,10mg_2周-ch1-ch1,10mg_2周-ch1.csv
10mg_2周-ch2,TST,25.0,9000,9000,6461,2539,valid,1.0,True,240.92,246.68,119.08,25,1.4,,10mg_2周-ch2-ch1,10mg_2周-ch2.csv
10mg_2周-ch3,TST,25.0,9000,9000,6612,2388,valid,1.0,True,253.28,253.96,106.72,18,4.96,,10mg_2周-ch3-ch1,10mg_2周-ch3.csv
10mg_2周-ch4,TST,25.0,9000,9000,8209,791,valid,1.0,True,108.36,117.68,251.64,17,0.2,,10mg_2周-ch4-ch1,10mg_2周-ch4.csv
20mg_1周_1-3+20_2周1-ch1,TST,25.0,9000,9000,7728,1272,valid,1.0,True,150.88,159.92,209.12,18,0.2,,20mg_1周_1-3+20_2周1-ch1-ch1,20mg_1周_1-3+20_2周1-ch1.csv
20mg_1周_1-3+20_2周1-ch2,TST,25.0,9000,9000,6273,2727,valid,1.0,True,220.12,224.96,139.88,17,0.2,,20mg_1周_1-3+20_2周1-ch2-ch1,20mg_1周_1-3+20_2周1-ch2.csv
20mg_1周_1-3+20_2周1-ch3,TST,25.0,9000,9000,8292,708,valid,1.0,True,86.64,104.08,273.36,25,0.2,,20mg_1周_1-3+20_2周1-ch3-ch1,20mg_1周_1-3+20_2周1-ch3.csv
20mg_1周_1-3+20_2周1-ch4,TST,25.0,9000,9000,7269,1731,valid,1.0,True,191.4,190.44,168.6,12,13.84,,20mg_1周_1-3+20_2周1-ch4-ch1,20mg_1周_1-3+20_2周1-ch4.csv
20mg_2周-ch1,TST,25.0,9000,9000,6450,2550,valid,1.0,True,258.24,262.56,101.76,20,10.88,,20mg_2周-ch1-ch1,20mg_2周-ch1.csv
20mg_2周-ch2,TST,25.0,9000,9000,6167,2833,valid,1.0,True,260.36,263.64,99.64,19,0.28,,20mg_2周-ch2-ch1,20mg_2周-ch2.csv
20mg_2周-ch3,TST,25.0,9000,9000,8046,954,valid,1.0,True,149.44,155.92,210.56,23,0.2,,20mg_2周-ch3-ch1,20mg_2周-ch3.csv
20mg_2周-ch4,TST,25.0,9000,9000,6683,2317,valid,1.0,True,177.52,182.4,182.48,15,0.2,,20mg_2周-ch4-ch1,20mg_2周-ch4.csv
20mg_3周-ch1,TST,25.0,9000,9000,5882,3118,valid,1.0,True,271.12,272.76,88.88,14,2.28,,20mg_3周-ch1-ch1,20mg_3周-ch1.csv
20mg_3周-ch2,TST,25.0,9000,9000,6756,2244,valid,1.0,True,196.44,198.92,163.56,13,0.2,,20mg_3周-ch2-ch1,20mg_3周-ch2.csv
20mg_3周-ch3,TST,25.0,9000,9000,7583,1417,valid,1.0,True,205.8,208.6,154.2,21,0.2,,20mg_3周-ch3-ch1,20mg_3周-ch3.csv
20mg_3周-ch4,TST,25.0,9000,9000,0,9000,unknown,,False,,,,,,[PHANTOM-IMMOBILITY 报警] 隔间1（unknown）被流水线判出 immobility=360.0 s——排除态隔间的一切数值都是幻影，已拦截但必须上报，不得静默 | 隔间1 状态 'unknown' 被排除，不产出 immobility：无有身体的隔间可作参考且无先验，参考量不可估,20mg_3周-ch4-ch1,20mg_3周-ch4.csv
30mg_2周-ch1,TST,25.0,9000,9000,7394,1606,valid,1.0,True,166.48,165.2,193.52,12,0.2,,30mg_2周-ch1-ch1,30mg_2周-ch1.csv
30mg_2周-ch2,TST,25.0,9000,9000,4382,4618,valid,1.0,True,348.68,348.04,11.32,6,89.88,,30mg_2周-ch2-ch1,30mg_2周-ch2.csv
30mg_2周-ch3,TST,25.0,9000,9000,7254,1746,valid,1.0,True,155.0,158.0,205.0,9,0.28,,30mg_2周-ch3-ch1,30mg_2周-ch3.csv
30mg_2周_1-3+20_1周1-ch1,TST,25.0,9000,9000,6188,2812,valid,1.0,True,281.28,283.4,78.72,12,5.76,,30mg_2周_1-3+20_1周1-ch1-ch1,30mg_2周_1-3+20_1周1-ch1.csv
30mg_2周_1-3+20_1周1-ch2,TST,25.0,9000,9000,5912,3088,valid,1.0,True,307.8,307.8,52.2,14,2.44,,30mg_2周_1-3+20_1周1-ch2-ch1,30mg_2周_1-3+20_1周1-ch2.csv
30mg_2周_1-3+20_1周1-ch3,TST,25.0,9000,9000,6510,2490,valid,1.0,True,219.24,223.16,140.76,21,0.2,,30mg_2周_1-3+20_1周1-ch3-ch1,30mg_2周_1-3+20_1周1-ch3.csv
30mg_2周_1-3+20_1周1-ch4,TST,25.0,9000,9000,7012,1988,valid,1.0,True,168.44,172.4,191.56,18,0.32,,30mg_2周_1-3+20_1周1-ch4-ch1,30mg_2周_1-3+20_1周1-ch4.csv
30mg_2周_2+20_2周2-ch1,TST,25.0,9000,9000,6521,2479,valid,1.0,True,271.36,271.32,88.64,15,23.44,,30mg_2周_2+20_2周2-ch1-ch1,30mg_2周_2+20_2周2-ch1.csv
30mg_2周_2+20_2周2-ch2,TST,25.0,9000,9000,6689,2311,valid,1.0,True,205.2,211.24,154.8,17,0.2,,30mg_2周_2+20_2周2-ch2-ch1,30mg_2周_2+20_2周2-ch2.csv
30mg_2周_2+20_2周2-ch3,TST,25.0,9000,9000,8010,990,valid,1.0,True,139.32,146.76,220.68,13,0.36,,30mg_2周_2+20_2周2-ch3-ch1,30mg_2周_2+20_2周2-ch3.csv
30mg_2周_2+20_2周2-ch4,TST,25.0,9000,9000,7621,1379,valid,1.0,True,255.68,257.76,104.32,18,9.76,,30mg_2周_2+20_2周2-ch4-ch1,30mg_2周_2+20_2周2-ch4.csv
