material_id,assay,role,path,bytes,sha256,codec,width,height,field_order,frames,frames_source,fps_avg_frame_rate,fps_r_frame_rate,duration_s,frames_vs_dur_x_avgfps,pts_count,pts_na,pts_min_s,pts_max_s,pts_spacing_uniform,pts_raw_order_monotonic,derives_from_sha256,derives_from_status,t0_source_s,t0_status,geometry_binding,geometry_binding_status,human_record_ref,human_record_status,usage_group,evidence_status
source:FST:10mg 2周.mp4,FST,source_video,~/Work/heavy/depression/游泳/10mg 2周.mp4,29047553,963c4a670628b28f0858350039c962248c08255e4b25019f0a2e0763a081f95a,h264,472,266,progressive,9562,container,25/1,25/1,382.480000,是,9562,0,0,382.44,是,否,,na,,not_found_in_checked_materials,10mg 2周.CLB,bound_by_filename_only,data/human_scores/manifests/FST全程_视频清单_给评分员.csv,pointer_only_joins_by_filename,historical_or_dev_validation,artifact_checked
source:FST:20mg 2周.mp4,FST,source_video,~/Work/heavy/depression/游泳/20mg 2周.mp4,29768166,b5b583817ed6b641607fc1741ebbede6cba8469f569dc99b9ed04d00c8bb89ac,h264,480,270,progressive,9559,container,25/1,25/1,382.360000,是,9559,0,0,382.32,是,否,,na,,not_found_in_checked_materials,20mg 2周.CLB,bound_by_filename_only,data/human_scores/manifests/FST全程_视频清单_给评分员.csv,pointer_only_joins_by_filename,historical_or_dev_validation,artifact_checked
source:FST:20mg1周.mp4,FST,source_video,~/Work/heavy/depression/游泳/20mg1周.mp4,28854795,ba779901598277a0386f9782c7e35f082f2c6846f9585e5f119fa2251a61d95f,h264,472,266,progressive,9517,container,25/1,25/1,380.680000,是,9517,0,0,380.64,是,否,,na,,not_found_in_checked_materials,20mg1周.CLB,bound_by_filename_only,data/human_scores/manifests/FST全程_视频清单_给评分员.csv,pointer_only_joins_by_filename,historical_or_dev_validation,artifact_checked
source:FST:抑郁4-7.mp4,FST,source_video,~/Work/heavy/depression/游泳/抑郁4-7.mp4,28184338,a6d8cf21892113344861530bb9d9ed9e4677959f13d074650b36058e2d373cb2,h264,472,266,progressive,9055,container,25/1,25/1,362.200000,是,9055,0,0,362.16,是,否,,na,,not_found_in_checked_materials,抑郁4-7.CLB,bound_by_filename_only,data/human_scores/manifests/FST全程_视频清单_给评分员.csv,pointer_only_joins_by_filename,historical_or_dev_validation,artifact_checked
source:FST:抑郁8-10.mp4,FST,source_video,~/Work/heavy/depression/游泳/抑郁8-10.mp4,34817391,5a728349a0917d6eaa68f76c7f766929dca16ac0b57ffedc2f2efc7ba3c4ca2b,h264,470,264,progressive,11689,container,25/1,25/1,467.560000,是,11689,0,0,467.52,是,否,,na,,not_found_in_checked_materials,抑郁8-10.CLB,bound_by_filename_only,data/human_scores/manifests/FST全程_视频清单_给评分员.csv,pointer_only_joins_by_filename,historical_or_dev_validation,artifact_checked
source:FST:正常1-4.mp4,FST,source_video,~/Work/heavy/depression/游泳/正常1-4.mp4,30613515,b27b176a04f1de14303719c44706bec5b25dad02108e8eec252fa9f8276f16c8,h264,464,262,progressive,9868,container,25/1,25/1,394.720000,是,9868,0,0,394.68,是,否,,na,,not_found_in_checked_materials,正常1-4.CLB,bound_by_filename_only,data/human_scores/manifests/FST全程_视频清单_给评分员.csv,pointer_only_joins_by_filename,historical_or_dev_validation,artifact_checked
source:FST:正常5+抑郁1-3.mp4,FST,source_video,~/Work/heavy/depression/游泳/正常5+抑郁1-3.mp4,26987923,87e293c93f251ed7777cd8f6001dd702c8d240ba88d608bf204fc91eed90a186,h264,474,266,progressive,9139,container,25/1,25/1,365.560000,是,9139,0,0,365.52,是,否,,na,,not_found_in_checked_materials,正常5+抑郁1-3.CLB,bound_by_filename_only,data/human_scores/manifests/FST全程_视频清单_给评分员.csv,pointer_only_joins_by_filename,historical_or_dev_validation,artifact_checked
source:TST:10mg 2周.mp4,TST,source_video,~/Work/heavy/depression/悬尾/10mg 2周.mp4,30305363,8a9770847d48493103fa234f13aa0790670f35150cadb8f1ed4364f6f1c3ba3b,h264,476,268,progressive,9661,container,25/1,25/1,386.440000,是,9661,0,0,386.4,是,否,,na,,na_tst_no_water_entry,10mg 2周.CLB,bound_by_filename_only,,none_recorded,historical_or_dev_validation,artifact_checked
source:TST:20mg 1周 1-3+20 2周1.mp4,TST,source_video,~/Work/heavy/depression/悬尾/20mg 1周 1-3+20 2周1.mp4,35847587,11b2361a85c27cc5e1a023b7396b1438032524d51623aa24d47f9b77ac80fd55,h264,472,266,progressive,11470,container,25/1,25/1,458.800000,是,11470,0,0,458.76,是,否,,na,,na_tst_no_water_entry,20mg 1周 1-3+20 2周1.CLB,bound_by_filename_only,,none_recorded,historical_or_dev_validation,artifact_checked
source:TST:20mg 2周.mp4,TST,source_video,~/Work/heavy/depression/悬尾/20mg 2周.mp4,28943603,016009f1f59098562d7010f19dee29517d08e0b571a82ec383bce82e24790e61,h264,472,264,progressive,9328,container,25/1,25/1,373.120000,是,9328,0,0,373.08,是,否,,na,,na_tst_no_water_entry,20mg 2周.CLB,bound_by_filename_only,,none_recorded,historical_or_dev_validation,artifact_checked
source:TST:20mg 3周.mp4,TST,source_video,~/Work/heavy/depression/悬尾/20mg 3周.mp4,30753490,6322504a20a0d8c4a755def75468a691cad1a1d03d615bfdb25ad37573ab334d,h264,464,262,progressive,9895,container,25/1,25/1,395.800000,是,9895,0,0,395.76,是,否,,na,,na_tst_no_water_entry,20mg 3周.CLB,bound_by_filename_only,,none_recorded,historical_or_dev_validation,artifact_checked
source:TST:30mg 2周 1-3+20 1周1.mp4,TST,source_video,~/Work/heavy/depression/悬尾/30mg 2周 1-3+20 1周1.mp4,29110752,55f74089039961af175df424bc7afb0d38b3c26cbcd38e0dae1b5f74e9888ede,h264,466,262,progressive,9229,container,25/1,25/1,369.160000,是,9229,0,0,369.12,是,否,,na,,na_tst_no_water_entry,30mg 2周 1-3+20 1周1.CLB,bound_by_filename_only,,none_recorded,historical_or_dev_validation,artifact_checked
source:TST:30mg 2周 2+20 2周2.mp4,TST,source_video,~/Work/heavy/depression/悬尾/30mg 2周 2+20 2周2.mp4,29988040,f5fef21679c67995ccb78d62ecd0b2f7a60c5cc32d75a7577d6ef6facde95e9c,h264,472,266,progressive,9586,container,25/1,25/1,383.440000,是,9586,0,0,383.4,是,否,,na,,na_tst_no_water_entry,30mg 2周 2+20 2周2.CLB,bound_by_filename_only,,none_recorded,historical_or_dev_validation,artifact_checked
source:TST:30mg 2周.mp4,TST,source_video,~/Work/heavy/depression/悬尾/30mg 2周.mp4,29165088,d4e7d93334b46cc9dd2f4b1056e2fdae7d29951fed34e4fe0f20e913ef616dda,h264,484,272,progressive,9721,container,25/1,25/1,388.840000,是,9721,0,0,388.8,是,否,,na,,na_tst_no_water_entry,30mg 2周.CLB,bound_by_filename_only,,none_recorded,historical_or_dev_validation,artifact_checked
csi_transcode:FST:FST_10mg_2w_x2.mpg,FST,csi_transcode,~/Work/csi_in/FST_10mg_2w_x2.mpg,93446144,1daf0f917c3795dbbcaac25b99dd939bdabf539d3687d3002916012a27f32ed9,mpeg1video,944,532,progressive,9562,decode_count,25/1,50/1,382.460000,是,9562,3,0.54,382.98,否,是,963c4a670628b28f0858350039c962248c08255e4b25019f0a2e0763a081f95a,confirmed_by_mapping_table,,not_found_in_checked_materials,,na,,na,historical_or_dev_validation,artifact_checked
csi_transcode:FST:FST_20mg_1w_x2.mpg,FST,csi_transcode,~/Work/csi_in/FST_20mg_1w_x2.mpg,98113536,0a093ae3b91ff062e27a4be8df855aa629b324c7660977b5bdca4727092c091b,mpeg1video,944,532,progressive,9517,decode_count,25/1,50/1,380.620000,是,9517,2,0.54,381.14,否,是,ba779901598277a0386f9782c7e35f082f2c6846f9585e5f119fa2251a61d95f,confirmed_by_mapping_table,,not_found_in_checked_materials,,na,,na,historical_or_dev_validation,artifact_checked
csi_transcode:FST:FST_20mg_2w_x2.mpg,FST,csi_transcode,~/Work/csi_in/FST_20mg_2w_x2.mpg,97157120,dff90949cbf28f6593666b920c321428abcb138e18fda61822c56b05fce5fd60,mpeg1video,960,540,progressive,9559,decode_count,25/1,50/1,382.340000,是,9559,1,0.54,382.86,否,是,b5b583817ed6b641607fc1741ebbede6cba8469f569dc99b9ed04d00c8bb89ac,confirmed_by_mapping_table,,not_found_in_checked_materials,,na,,na,historical_or_dev_validation,artifact_checked
csi_transcode:na:FST_ctrl_1to4_x1_fallback.mpg,na,csi_transcode,~/Work/csi_in/FST_ctrl_1to4_x1_fallback.mpg,46960640,c19db572ac9a7357106c4f48c1d72213ab69e9fb7bb923ad938841bcca6d05c7,mpeg1video,464,262,progressive,9868,decode_count,25/1,50/1,394.700000,是,9868,1,0.54,395.22,否,是,,unknown_provenance,,not_found_in_checked_materials,,na,,na,historical_or_dev_validation,artifact_checked
csi_transcode:FST:FST_ctrl_1to4_x2.mpg,FST,csi_transcode,~/Work/csi_in/FST_ctrl_1to4_x2.mpg,96841728,90bf5ebf806c5f4cf8311ff0e29af71dc70597e4e3732fc8beb4b7e2fdc929fe,mpeg1video,928,524,progressive,9868,decode_count,25/1,50/1,394.700000,是,9868,0,0.54,395.22,是,是,b27b176a04f1de14303719c44706bec5b25dad02108e8eec252fa9f8276f16c8,confirmed_by_mapping_table,,not_found_in_checked_materials,,na,,na,historical_or_dev_validation,artifact_checked
csi_transcode:FST:FST_ctrl_5_plus_dep_1to3_x2.mpg,FST,csi_transcode,~/Work/csi_in/FST_ctrl_5_plus_dep_1to3_x2.mpg,96200704,9ca59645d8afcae5e23027253e37f27ed30f872bfc5be913f5b45303b36bdc09,mpeg1video,948,532,progressive,9139,decode_count,25/1,50/1,365.540000,是,9139,2,0.54,366.06,否,是,87e293c93f251ed7777cd8f6001dd702c8d240ba88d608bf204fc91eed90a186,confirmed_by_mapping_table,,not_found_in_checked_materials,,na,,na,historical_or_dev_validation,artifact_checked
csi_transcode:FST:FST_dep_4to7_x2.mpg,FST,csi_transcode,~/Work/csi_in/FST_dep_4to7_x2.mpg,90828800,8f20cc43fab97b36430da4abb120cfc9002414adf6c357e124648305bab045ea,mpeg1video,944,532,progressive,9055,decode_count,25/1,50/1,362.180000,是,9055,1,0.54,362.7,否,是,a6d8cf21892113344861530bb9d9ed9e4677959f13d074650b36058e2d373cb2,confirmed_by_mapping_table,,not_found_in_checked_materials,,na,,na,historical_or_dev_validation,artifact_checked
csi_transcode:FST:FST_dep_8to10_x2.mpg,FST,csi_transcode,~/Work/csi_in/FST_dep_8to10_x2.mpg,101808128,e30ad5bd046f09178f7cebe9479491fda2d74735c8dae60ca80eed45e19c7563,mpeg1video,940,528,progressive,11689,decode_count,25/1,50/1,467.500000,是,11689,1,0.54,468.02,是,是,5a728349a0917d6eaa68f76c7f766929dca16ac0b57ffedc2f2efc7ba3c4ca2b,confirmed_by_mapping_table,,not_found_in_checked_materials,,na,,na,historical_or_dev_validation,artifact_checked
csi_transcode:TST:TST_10mg_2w_x2.mpg,TST,csi_transcode,~/Work/csi_in/TST_10mg_2w_x2.mpg,84621312,896624f549e5cc47e52b3b4870516f5c1047e8900c48f02002418ea7c1a2dd5f,mpeg1video,952,536,progressive,9661,decode_count,25/1,50/1,386.420000,是,9661,0,0.54,386.94,是,是,8a9770847d48493103fa234f13aa0790670f35150cadb8f1ed4364f6f1c3ba3b,confirmed_by_mapping_table,,na_tst_no_water_entry,,na,,na,historical_or_dev_validation,artifact_checked
csi_transcode:TST:TST_20mg_1w_1to3_plus_20mg_2w_1_x2.mpg,TST,csi_transcode,~/Work/csi_in/TST_20mg_1w_1to3_plus_20mg_2w_1_x2.mpg,97359872,fd04f3f315ace5d7a5da99e5e73950cc1a42c919e842194df5f9078975b0355f,mpeg1video,944,532,progressive,11470,decode_count,25/1,50/1,458.740000,是,11470,2,0.54,459.26,否,是,11b2361a85c27cc5e1a023b7396b1438032524d51623aa24d47f9b77ac80fd55,confirmed_by_mapping_table,,na_tst_no_water_entry,,na,,na,historical_or_dev_validation,artifact_checked
csi_transcode:TST:TST_20mg_2w_x2.mpg,TST,csi_transcode,~/Work/csi_in/TST_20mg_2w_x2.mpg,79366144,f1841cacf0c73e8940587e722cfb55f3d20aea0596ab0a6364b689b9f63e90ff,mpeg1video,944,528,progressive,9328,decode_count,25/1,50/1,373.100000,是,9328,1,0.54,373.62,否,是,016009f1f59098562d7010f19dee29517d08e0b571a82ec383bce82e24790e61,confirmed_by_mapping_table,,na_tst_no_water_entry,,na,,na,historical_or_dev_validation,artifact_checked
csi_transcode:TST:TST_20mg_3w_x2.mpg,TST,csi_transcode,~/Work/csi_in/TST_20mg_3w_x2.mpg,79308800,6c20153cb3e2c0b938de1e9e09fd1daa9c3d343d938d55f46eaa3151a0bca2fd,mpeg1video,928,524,progressive,9895,decode_count,25/1,50/1,395.780000,是,9895,0,0.54,396.3,是,是,6322504a20a0d8c4a755def75468a691cad1a1d03d615bfdb25ad37573ab334d,confirmed_by_mapping_table,,na_tst_no_water_entry,,na,,na,historical_or_dev_validation,artifact_checked
csi_transcode:TST:TST_30mg_2w_1to3_plus_20mg_1w_1_x2.mpg,TST,csi_transcode,~/Work/csi_in/TST_30mg_2w_1to3_plus_20mg_1w_1_x2.mpg,76883968,cb106acb8595c4ded68d860a1c0e28151196236659bd6b9467777079a1f87d67,mpeg1video,932,524,progressive,9229,decode_count,25/1,50/1,369.140000,是,9229,0,0.54,369.66,是,是,55f74089039961af175df424bc7afb0d38b3c26cbcd38e0dae1b5f74e9888ede,confirmed_by_mapping_table,,na_tst_no_water_entry,,na,,na,historical_or_dev_validation,artifact_checked
csi_transcode:TST:TST_30mg_2w_2_plus_20mg_2w_2_x2.mpg,TST,csi_transcode,~/Work/csi_in/TST_30mg_2w_2_plus_20mg_2w_2_x2.mpg,83070976,933d78ba8df598d78c95c9e99677a54018565e7eecf430847f5cbf89ef1d08c9,mpeg1video,944,532,progressive,9586,decode_count,25/1,50/1,383.420000,是,9586,0,0.54,383.94,是,是,f5fef21679c67995ccb78d62ecd0b2f7a60c5cc32d75a7577d6ef6facde95e9c,confirmed_by_mapping_table,,na_tst_no_water_entry,,na,,na,historical_or_dev_validation,artifact_checked
csi_transcode:TST:TST_30mg_2w_x2.mpg,TST,csi_transcode,~/Work/csi_in/TST_30mg_2w_x2.mpg,79484928,3de8e5daca13aeabec34eb1d57b0b42f6b43a7ee8d5e1476bde831d5d5e4ecbc,mpeg1video,968,544,progressive,9721,decode_count,25/1,50/1,388.820000,是,9721,0,0.54,389.34,是,是,d4e7d93334b46cc9dd2f4b1056e2fdae7d29951fed34e4fe0f20e913ef616dda,confirmed_by_mapping_table,,na_tst_no_water_entry,,na,,na,historical_or_dev_validation,artifact_checked
csi_transcode:na:FST_ctrl_1to4_x2_fallback.avi,na,csi_transcode,~/Work/csi_in/FST_ctrl_1to4_x2_fallback.avi,304208008,933d86ecfe526ca230a550bf2c865c4d88bca5a3c3ada075c4a72cc235cb64cd,mjpeg,928,524,,9868,container,25/1,25/1,394.720000,是,9868,0,0,394.68,是,是,,unknown_provenance,,not_found_in_checked_materials,,na,,na,historical_or_dev_validation,artifact_checked
tst_clip:TST:10mg_2周-ch1.mp4,TST,tst_clip,~/Downloads/tst_30clips/10mg_2周-ch1.mp4,2928893,9433018ab68b354885838ceb0af11bc777e7004ca0c5859c6e19daaff355a32d,h264,118,268,progressive,9000,container,25/1,25/1,360.000000,是,9000,0,0,359.96,是,否,8a9770847d48493103fa234f13aa0790670f35150cadb8f1ed4364f6f1c3ba3b,confirmed,,na_tst_no_water_entry,,na,data/human_scores/manifests/T1精标_视频清单_给评分员.csv,pointer_only_joins_by_filename,historical_or_dev_validation,artifact_checked
tst_clip:TST:10mg_2周-ch2.mp4,TST,tst_clip,~/Downloads/tst_30clips/10mg_2周-ch2.mp4,2622370,aea248d6d073dd36852a7d31656999b964a06d4d9a5abb797b7aa05be5c4df1b,h264,118,268,progressive,9000,container,25/1,25/1,360.000000,是,9000,0,0,359.96,是,否,8a9770847d48493103fa234f13aa0790670f35150cadb8f1ed4364f6f1c3ba3b,confirmed,,na_tst_no_water_entry,,na,data/human_scores/manifests/T1精标_视频清单_给评分员.csv,pointer_only_joins_by_filename,historical_or_dev_validation,artifact_checked
tst_clip:TST:10mg_2周-ch3.mp4,TST,tst_clip,~/Downloads/tst_30clips/10mg_2周-ch3.mp4,3247850,a038daef2a4738297af17ce2943b584c8522fa637de8559707ef65c910899014,h264,118,268,progressive,9000,container,25/1,25/1,360.000000,是,9000,0,0,359.96,是,否,8a9770847d48493103fa234f13aa0790670f35150cadb8f1ed4364f6f1c3ba3b,confirmed,,na_tst_no_water_entry,,na,,none_recorded,historical_or_dev_validation,artifact_checked
tst_clip:TST:10mg_2周-ch4.mp4,TST,tst_clip,~/Downloads/tst_30clips/10mg_2周-ch4.mp4,3351732,e121c2a80974f05ee0665ffb36d6a02c4eadbd397e29c7e4f6f82e312a936998,h264,118,268,progressive,9000,container,25/1,25/1,360.000000,是,9000,0,0,359.96,是,否,8a9770847d48493103fa234f13aa0790670f35150cadb8f1ed4364f6f1c3ba3b,confirmed,,na_tst_no_water_entry,,na,,none_recorded,historical_or_dev_validation,artifact_checked
tst_clip:TST:20mg_1周_1-3+20_2周1-ch1.mp4,TST,tst_clip,~/Downloads/tst_30clips/20mg_1周_1-3+20_2周1-ch1.mp4,2903161,c47f7bd9cae6885f06cca72a5fc977cdc3244764a510c7bffa21f8694536646e,h264,118,266,progressive,9000,container,25/1,25/1,360.000000,是,9000,0,0,359.96,是,否,11b2361a85c27cc5e1a023b7396b1438032524d51623aa24d47f9b77ac80fd55,confirmed,,na_tst_no_water_entry,,na,,none_recorded,historical_or_dev_validation,artifact_checked
tst_clip:TST:20mg_1周_1-3+20_2周1-ch2.mp4,TST,tst_clip,~/Downloads/tst_30clips/20mg_1周_1-3+20_2周1-ch2.mp4,2552316,69a66bc5f0244de8201b9bb8db22ab568c2d5b29d29c6af2d8568a6e31a0ca53,h264,118,266,progressive,9000,container,25/1,25/1,360.000000,是,9000,0,0,359.96,是,否,11b2361a85c27cc5e1a023b7396b1438032524d51623aa24d47f9b77ac80fd55,confirmed,,na_tst_no_water_entry,,na,data/human_scores/manifests/T1精标_视频清单_给评分员.csv,pointer_only_joins_by_filename,historical_or_dev_validation,artifact_checked
tst_clip:TST:20mg_1周_1-3+20_2周1-ch3.mp4,TST,tst_clip,~/Downloads/tst_30clips/20mg_1周_1-3+20_2周1-ch3.mp4,2814676,adcae87f861dde69a130dff1ecf8da7b65b06db0924a1965b1c7c8c58640a07f,h264,118,266,progressive,9000,container,25/1,25/1,360.000000,是,9000,0,0,359.96,是,否,11b2361a85c27cc5e1a023b7396b1438032524d51623aa24d47f9b77ac80fd55,confirmed,,na_tst_no_water_entry,,na,,none_recorded,historical_or_dev_validation,artifact_checked
tst_clip:TST:20mg_1周_1-3+20_2周1-ch4.mp4,TST,tst_clip,~/Downloads/tst_30clips/20mg_1周_1-3+20_2周1-ch4.mp4,3333863,d442df6495cff9f794da362bcb8c8d99e5717d71f2d5962ffe545e71400105f2,h264,118,266,progressive,9000,container,25/1,25/1,360.000000,是,9000,0,0,359.96,是,否,11b2361a85c27cc5e1a023b7396b1438032524d51623aa24d47f9b77ac80fd55,confirmed,,na_tst_no_water_entry,,na,,none_recorded,historical_or_dev_validation,artifact_checked
tst_clip:TST:20mg_2周-ch1.mp4,TST,tst_clip,~/Downloads/tst_30clips/20mg_2周-ch1.mp4,3049604,6cebad205d4e8c8c0eb04247fb2618bc32e49bcb115a25073e6cc0ea4a5a4702,h264,118,264,progressive,9000,container,25/1,25/1,360.000000,是,9000,0,0,359.96,是,否,016009f1f59098562d7010f19dee29517d08e0b571a82ec383bce82e24790e61,confirmed,,na_tst_no_water_entry,,na,,none_recorded,historical_or_dev_validation,artifact_checked
tst_clip:TST:20mg_2周-ch2.mp4,TST,tst_clip,~/Downloads/tst_30clips/20mg_2周-ch2.mp4,2414075,60b191b51992e89404c66436bd345d918113287718cf09652778e2122e8c0019,h264,118,264,progressive,9000,container,25/1,25/1,360.000000,是,9000,0,0,359.96,是,否,016009f1f59098562d7010f19dee29517d08e0b571a82ec383bce82e24790e61,confirmed,,na_tst_no_water_entry,,na,,none_recorded,historical_or_dev_validation,artifact_checked
tst_clip:TST:20mg_2周-ch3.mp4,TST,tst_clip,~/Downloads/tst_30clips/20mg_2周-ch3.mp4,3115364,7045151f6b4147fd60b7453626b6b197e10d80aab8624fbd2f27c345a91177a9,h264,118,264,progressive,9000,container,25/1,25/1,360.000000,是,9000,0,0,359.96,是,否,016009f1f59098562d7010f19dee29517d08e0b571a82ec383bce82e24790e61,confirmed,,na_tst_no_water_entry,,na,,none_recorded,historical_or_dev_validation,artifact_checked
tst_clip:TST:20mg_2周-ch4.mp4,TST,tst_clip,~/Downloads/tst_30clips/20mg_2周-ch4.mp4,3721754,ecd72e32be8c2b282fe5bc644fb7978af9b862cc76b737c250796d5fefd39d75,h264,118,264,progressive,9000,container,25/1,25/1,360.000000,是,9000,0,0,359.96,是,否,016009f1f59098562d7010f19dee29517d08e0b571a82ec383bce82e24790e61,confirmed,,na_tst_no_water_entry,,na,,none_recorded,historical_or_dev_validation,artifact_checked
tst_clip:TST:20mg_3周-ch1.mp4,TST,tst_clip,~/Downloads/tst_30clips/20mg_3周-ch1.mp4,3097009,e5cd184a7fe731fe1e0991e0d71300202ab68f521b3503e70b05a6d15c4d2677,h264,116,262,progressive,9000,container,25/1,25/1,360.000000,是,9000,0,0,359.96,是,否,6322504a20a0d8c4a755def75468a691cad1a1d03d615bfdb25ad37573ab334d,confirmed,,na_tst_no_water_entry,,na,data/human_scores/manifests/T1精标_视频清单_给评分员.csv,pointer_only_joins_by_filename,historical_or_dev_validation,artifact_checked
tst_clip:TST:20mg_3周-ch2.mp4,TST,tst_clip,~/Downloads/tst_30clips/20mg_3周-ch2.mp4,3025460,c9e25d8929f96d767b03970a37d42e7337f01b2ac38b29ffdb87a88e96b4af12,h264,116,262,progressive,9000,container,25/1,25/1,360.000000,是,9000,0,0,359.96,是,否,6322504a20a0d8c4a755def75468a691cad1a1d03d615bfdb25ad37573ab334d,confirmed,,na_tst_no_water_entry,,na,,none_recorded,historical_or_dev_validation,artifact_checked
tst_clip:TST:20mg_3周-ch3.mp4,TST,tst_clip,~/Downloads/tst_30clips/20mg_3周-ch3.mp4,3274034,c8f0c18dcb3689fe7ebc3b855ece266792bd0252ebf9b6ec88c0fa20cadf1b9f,h264,116,262,progressive,9000,container,25/1,25/1,360.000000,是,9000,0,0,359.96,是,否,6322504a20a0d8c4a755def75468a691cad1a1d03d615bfdb25ad37573ab334d,confirmed,,na_tst_no_water_entry,,na,,none_recorded,historical_or_dev_validation,artifact_checked
tst_clip:TST:20mg_3周-ch4.mp4,TST,tst_clip,~/Downloads/tst_30clips/20mg_3周-ch4.mp4,2971217,1c5c9e3f14b785e25cc1199831f9ac89dbc9b1c0a3340dabf1e6a81f3efa8011,h264,116,262,progressive,9000,container,25/1,25/1,360.000000,是,9000,0,0,359.96,是,否,6322504a20a0d8c4a755def75468a691cad1a1d03d615bfdb25ad37573ab334d,confirmed,,na_tst_no_water_entry,,na,,none_recorded,historical_or_dev_validation,artifact_checked
tst_clip:TST:30mg_2周-ch1.mp4,TST,tst_clip,~/Downloads/tst_30clips/30mg_2周-ch1.mp4,3314299,dc2ba4643b59e46bd98d8e81e55cb8813325e6317b42efe529315b0f26bbde07,h264,120,272,progressive,9000,container,25/1,25/1,360.000000,是,9000,0,0,359.96,是,否,d4e7d93334b46cc9dd2f4b1056e2fdae7d29951fed34e4fe0f20e913ef616dda,confirmed,,na_tst_no_water_entry,,na,,none_recorded,historical_or_dev_validation,artifact_checked
tst_clip:TST:30mg_2周-ch2.mp4,TST,tst_clip,~/Downloads/tst_30clips/30mg_2周-ch2.mp4,2546219,3104e09a49572cb421aa6e0110279ce5ea4148a97433534aa127188ead3db707,h264,120,272,progressive,9000,container,25/1,25/1,360.000000,是,9000,0,0,359.96,是,否,d4e7d93334b46cc9dd2f4b1056e2fdae7d29951fed34e4fe0f20e913ef616dda,confirmed,,na_tst_no_water_entry,,na,data/human_scores/manifests/T1精标_视频清单_给评分员.csv,pointer_only_joins_by_filename,historical_or_dev_validation,artifact_checked
tst_clip:TST:30mg_2周-ch3.mp4,TST,tst_clip,~/Downloads/tst_30clips/30mg_2周-ch3.mp4,3176705,2ad4fd14ff5e2667dfb72d19fe6a3fa1c611c144e275227ca35eb2d532249d96,h264,120,272,progressive,9000,container,25/1,25/1,360.000000,是,9000,0,0,359.96,是,否,d4e7d93334b46cc9dd2f4b1056e2fdae7d29951fed34e4fe0f20e913ef616dda,confirmed,,na_tst_no_water_entry,,na,data/human_scores/manifests/T1精标_视频清单_给评分员.csv,pointer_only_joins_by_filename,historical_or_dev_validation,artifact_checked
tst_clip:TST:30mg_2周_1-3+20_1周1-ch1.mp4,TST,tst_clip,~/Downloads/tst_30clips/30mg_2周_1-3+20_1周1-ch1.mp4,3190752,78ddb89437aa594f6790b04bcc982802842b2331be3a01e01282ca205a56da3c,h264,116,262,progressive,9000,container,25/1,25/1,360.000000,是,9000,0,0,359.96,是,否,55f74089039961af175df424bc7afb0d38b3c26cbcd38e0dae1b5f74e9888ede,confirmed,,na_tst_no_water_entry,,na,,none_recorded,historical_or_dev_validation,artifact_checked
tst_clip:TST:30mg_2周_1-3+20_1周1-ch2.mp4,TST,tst_clip,~/Downloads/tst_30clips/30mg_2周_1-3+20_1周1-ch2.mp4,2538793,5d4f36051782f332972cb42d9bf095a253c154c1e9640f5c7a74135c1c92ae19,h264,116,262,progressive,9000,container,25/1,25/1,360.000000,是,9000,0,0,359.96,是,否,55f74089039961af175df424bc7afb0d38b3c26cbcd38e0dae1b5f74e9888ede,confirmed,,na_tst_no_water_entry,,na,,none_recorded,historical_or_dev_validation,artifact_checked
tst_clip:TST:30mg_2周_1-3+20_1周1-ch3.mp4,TST,tst_clip,~/Downloads/tst_30clips/30mg_2周_1-3+20_1周1-ch3.mp4,3302924,1fce4e1d878678c7a58da52f7fdc27523e2bae0b08aff97ab615c92c3d064fb1,h264,116,262,progressive,9000,container,25/1,25/1,360.000000,是,9000,0,0,359.96,是,否,55f74089039961af175df424bc7afb0d38b3c26cbcd38e0dae1b5f74e9888ede,confirmed,,na_tst_no_water_entry,,na,,none_recorded,historical_or_dev_validation,artifact_checked
tst_clip:TST:30mg_2周_1-3+20_1周1-ch4.mp4,TST,tst_clip,~/Downloads/tst_30clips/30mg_2周_1-3+20_1周1-ch4.mp4,3738733,0874c38e4515d47cefcf600c7a5e8aa0130f6627a41dbab442c65d268b7ac4ec,h264,116,262,progressive,9000,container,25/1,25/1,360.000000,是,9000,0,0,359.96,是,否,55f74089039961af175df424bc7afb0d38b3c26cbcd38e0dae1b5f74e9888ede,confirmed,,na_tst_no_water_entry,,na,,none_recorded,historical_or_dev_validation,artifact_checked
tst_clip:TST:30mg_2周_2+20_2周2-ch1.mp4,TST,tst_clip,~/Downloads/tst_30clips/30mg_2周_2+20_2周2-ch1.mp4,2832540,dbd0e164572f473ad71bf66b0b7b1c0caab7cf457fcc2f2a3407e16b02f08cf7,h264,118,266,progressive,9000,container,25/1,25/1,360.000000,是,9000,0,0,359.96,是,否,f5fef21679c67995ccb78d62ecd0b2f7a60c5cc32d75a7577d6ef6facde95e9c,confirmed,,na_tst_no_water_entry,,na,,none_recorded,historical_or_dev_validation,artifact_checked
tst_clip:TST:30mg_2周_2+20_2周2-ch2.mp4,TST,tst_clip,~/Downloads/tst_30clips/30mg_2周_2+20_2周2-ch2.mp4,2706560,4a5d127be71e25167e3792f6b1ba1e6c5fe375da63c95cfb4c99bf1d4a43be8f,h264,118,266,progressive,9000,container,25/1,25/1,360.000000,是,9000,0,0,359.96,是,否,f5fef21679c67995ccb78d62ecd0b2f7a60c5cc32d75a7577d6ef6facde95e9c,confirmed,,na_tst_no_water_entry,,na,,none_recorded,historical_or_dev_validation,artifact_checked
tst_clip:TST:30mg_2周_2+20_2周2-ch3.mp4,TST,tst_clip,~/Downloads/tst_30clips/30mg_2周_2+20_2周2-ch3.mp4,3136784,d8fe17a64ba6e0d55623b40c267c09073f76b2932faeb62bccd37f0336c2c0d4,h264,118,266,progressive,9000,container,25/1,25/1,360.000000,是,9000,0,0,359.96,是,否,f5fef21679c67995ccb78d62ecd0b2f7a60c5cc32d75a7577d6ef6facde95e9c,confirmed,,na_tst_no_water_entry,,na,data/human_scores/manifests/T1精标_视频清单_给评分员.csv,pointer_only_joins_by_filename,historical_or_dev_validation,artifact_checked
tst_clip:TST:30mg_2周_2+20_2周2-ch4.mp4,TST,tst_clip,~/Downloads/tst_30clips/30mg_2周_2+20_2周2-ch4.mp4,3264210,e4732a196fc1697384ae9bb9ea18d71ea18e2b89d9c9efd5295b0fdca570bc90,h264,118,266,progressive,9000,container,25/1,25/1,360.000000,是,9000,0,0,359.96,是,否,f5fef21679c67995ccb78d62ecd0b2f7a60c5cc32d75a7577d6ef6facde95e9c,confirmed,,na_tst_no_water_entry,,na,data/human_scores/manifests/T1精标_视频清单_给评分员.csv,pointer_only_joins_by_filename,historical_or_dev_validation,artifact_checked
transcode_intermediate:FST:10mg 2周.mp4,FST,transcode_intermediate,~/Work/heavy/depression/游泳/转码_forCSI/10mg 2周.mp4,11601247,e2aef64c0189f3877b14413e186436bd7c41ec4fb5963daa9146103299e7d32a,h264,480,272,progressive,9562,container,25/1,25/1,382.480000,是,9562,0,0,382.44,是,否,,unknown_provenance,,not_found_in_checked_materials,,na,,na,engineering_only,artifact_checked
transcode_intermediate:FST:20mg 2周.mp4,FST,transcode_intermediate,~/Work/heavy/depression/游泳/转码_forCSI/20mg 2周.mp4,13797404,d40f11bad3f0baff168a978162c1379c28ccc97c5d765b4bbb7cb475d80fe2de,h264,480,272,progressive,9559,container,25/1,25/1,382.360000,是,9559,0,0,382.32,是,否,,unknown_provenance,,not_found_in_checked_materials,,na,,na,engineering_only,artifact_checked
transcode_intermediate:FST:20mg1周.mp4,FST,transcode_intermediate,~/Work/heavy/depression/游泳/转码_forCSI/20mg1周.mp4,12434576,15add4caf2652d47778db726c7b18783583af29b706692be4bbd9d00e8d249d9,h264,480,272,progressive,9517,container,25/1,25/1,380.680000,是,9517,0,0,380.64,是,否,,unknown_provenance,,not_found_in_checked_materials,,na,,na,engineering_only,artifact_checked
transcode_intermediate:FST:AVI_MJPEG_正常5+抑郁1-3.avi,FST,transcode_intermediate,~/Work/heavy/depression/游泳/转码_forCSI/AVI_MJPEG_正常5+抑郁1-3.avi,235370178,dc4fa9d67706cc130e7dfa45c73da3ba53cad74e8ca9de50fb44045ff7dcfbed,mjpeg,480,272,,9139,container,25/1,25/1,365.560000,是,9139,0,0,365.52,是,是,,unknown_provenance,,not_found_in_checked_materials,,na,,na,engineering_only,artifact_checked
transcode_intermediate:FST:MPG_MPEG2_正常5+抑郁1-3.mpg,FST,transcode_intermediate,~/Work/heavy/depression/游泳/转码_forCSI/MPG_MPEG2_正常5+抑郁1-3.mpg,37423104,0d637127f54dcd7b1adb5f0f6dafa2c801be67923e368a98c645c524ddf69ccb,mpeg2video,480,272,progressive,9139,decode_count,25/1,25/1,365.560000,是,9139,15,0.54,366.06,否,是,,unknown_provenance,,not_found_in_checked_materials,,na,,na,engineering_only,artifact_checked
transcode_intermediate:FST:zztest01.mp4,FST,transcode_intermediate,~/Work/heavy/depression/游泳/转码_forCSI/zztest01.mp4,11985290,626af6fd619d8e68f2ffda4e215cb5088c021a00d74f9775d90df03dd20772c4,h264,480,272,progressive,9139,container,25/1,25/1,365.560000,是,9139,0,0,365.52,是,否,,unknown_provenance,,not_found_in_checked_materials,,na,,na,engineering_only,artifact_checked
transcode_intermediate:FST:zztest02_noaudio.mp4,FST,transcode_intermediate,~/Work/heavy/depression/游泳/转码_forCSI/zztest02_noaudio.mp4,11697431,f78a61cbce87fe8ad7b764daf5fcc9700b8c17fda27c20a1de46a81b3c11d91b,h264,480,272,progressive,9139,container,25/1,25/1,365.560000,是,9139,0,0,365.52,是,否,,unknown_provenance,,not_found_in_checked_materials,,na,,na,engineering_only,artifact_checked
transcode_intermediate:FST:抑郁4-7.mp4,FST,transcode_intermediate,~/Work/heavy/depression/游泳/转码_forCSI/抑郁4-7.mp4,11660377,06a99bf659800bb1f2b0c85d37f1840fe37edf1b0001a18d729f97c414742252,h264,480,272,progressive,9055,container,25/1,25/1,362.200000,是,9055,0,0,362.16,是,否,,unknown_provenance,,not_found_in_checked_materials,,na,,na,engineering_only,artifact_checked
transcode_intermediate:FST:抑郁8-10.mp4,FST,transcode_intermediate,~/Work/heavy/depression/游泳/转码_forCSI/抑郁8-10.mp4,12685973,5e9e082fc3d4a7649234579974e478da1fb1335a18cb7e7884035b7c7f073444,h264,480,272,progressive,11689,container,25/1,25/1,467.560000,是,11689,0,0,467.52,是,否,,unknown_provenance,,not_found_in_checked_materials,,na,,na,engineering_only,artifact_checked
transcode_intermediate:FST:正常1-4.mp4,FST,transcode_intermediate,~/Work/heavy/depression/游泳/转码_forCSI/正常1-4.mp4,12909234,3ebcb91448f6c3a65fab0a7472551a965913751a3c9f4926a24f49d7b2dcea54,h264,464,272,progressive,9868,container,25/1,25/1,394.720000,是,9868,0,0,394.68,是,否,,unknown_provenance,,not_found_in_checked_materials,,na,,na,engineering_only,artifact_checked
transcode_intermediate:FST:正常5+抑郁1-3.mp4,FST,transcode_intermediate,~/Work/heavy/depression/游泳/转码_forCSI/正常5+抑郁1-3.mp4,11985290,626af6fd619d8e68f2ffda4e215cb5088c021a00d74f9775d90df03dd20772c4,h264,480,272,progressive,9139,container,25/1,25/1,365.560000,是,9139,0,0,365.52,是,否,,unknown_provenance,,not_found_in_checked_materials,,na,,na,engineering_only,artifact_checked
csi_out:csi_out_fst:10mg 2周.BMP,FST,csi_bmp,~/Work/depression抑郁绝望/9月10日集中标注/CSI分析强迫游泳数据/10mg 2周.BMP,376710,097d53d2e21426f816b66525d969919cffd8c7c6bcd5183c0eab13ddbce606c9,BMP,,,,,,,,,,,,,,,,,na,,na,,na,,na,historical_or_dev_validation,artifact_checked
csi_out:csi_out_fst:10mg 2周.CLB,FST,csi_clb,~/Work/depression抑郁绝望/9月10日集中标注/CSI分析强迫游泳数据/10mg 2周.CLB,308,3b38672adf33e4fb7ea727a0fc2c511344ec647944507a2dc3c7e497f6963e1d,CLB,,,,,,,,,,,,,,,,,na,,na,10mg 2周.CLB,bound_by_filename_only,,na,historical_or_dev_validation,artifact_checked
csi_out:csi_out_fst:10mg 2周.SET,FST,csi_set,~/Work/depression抑郁绝望/9月10日集中标注/CSI分析强迫游泳数据/10mg 2周.SET,1611,72d13192c375fd413ef96718b5efde85d11be1cd22be6d632ed6e31c357b0cf4,SET,,,,,,,,,,,,,,,,,na,,na,,na,,na,historical_or_dev_validation,artifact_checked
csi_out:csi_out_fst:10mg 2周（1）.xlsx,FST,csi_xlsx,~/Work/depression抑郁绝望/9月10日集中标注/CSI分析强迫游泳数据/10mg 2周（1）.xlsx,11806,b53e7388e4465313e2c234b1f428ddf616955740b090bb4609bfcd40e13bc3d7,xlsx,,,,,,,,,,,,,,,,,na,,na,,na,,na,historical_or_dev_validation,artifact_checked
csi_out:csi_out_fst:10mg 2周（2）.xlsx,FST,csi_xlsx,~/Work/depression抑郁绝望/9月10日集中标注/CSI分析强迫游泳数据/10mg 2周（2）.xlsx,11629,643454b5c0df6b81af579126b595fe84127e2b557a6650821e9caf448f3a601e,xlsx,,,,,,,,,,,,,,,,,na,,na,,na,,na,historical_or_dev_validation,artifact_checked
csi_out:csi_out_fst:10mg 2周（3）.xlsx,FST,csi_xlsx,~/Work/depression抑郁绝望/9月10日集中标注/CSI分析强迫游泳数据/10mg 2周（3）.xlsx,10144,db19a842822213f131bcfa6ee3405d95e52aeac85980e8e6768409f08b36c572,xlsx,,,,,,,,,,,,,,,,,na,,na,,na,,na,historical_or_dev_validation,artifact_checked
csi_out:csi_out_fst:10mg 2周（4）.xlsx,FST,csi_xlsx,~/Work/depression抑郁绝望/9月10日集中标注/CSI分析强迫游泳数据/10mg 2周（4）.xlsx,10325,e2ff07eb13d36b73cf741c6e4ddd1e91476ba0f66382932db41f861840e6e9cd,xlsx,,,,,,,,,,,,,,,,,na,,na,,na,,na,historical_or_dev_validation,artifact_checked
csi_out:csi_out_fst:20mg 1周（1）.xlsx,FST,csi_xlsx,~/Work/depression抑郁绝望/9月10日集中标注/CSI分析强迫游泳数据/20mg 1周（1）.xlsx,10831,02300d50c2803e1c599b48312aa974d06e6fedfd403943f2384bcdc224d9e262,xlsx,,,,,,,,,,,,,,,,,na,,na,,na,,na,historical_or_dev_validation,artifact_checked
csi_out:csi_out_fst:20mg 1周（2）.xlsx,FST,csi_xlsx,~/Work/depression抑郁绝望/9月10日集中标注/CSI分析强迫游泳数据/20mg 1周（2）.xlsx,10216,9b30bf8668abc2617df08f4cd5091cd716fd8dfbaeca698d723621c4fda30cf1,xlsx,,,,,,,,,,,,,,,,,na,,na,,na,,na,historical_or_dev_validation,artifact_checked
csi_out:csi_out_fst:20mg 1周（3）.xlsx,FST,csi_xlsx,~/Work/depression抑郁绝望/9月10日集中标注/CSI分析强迫游泳数据/20mg 1周（3）.xlsx,10174,c4d3b21ea321bfa6d05b8b695a025aec82d1b7ee6b7d83b39de020b86aebbc34,xlsx,,,,,,,,,,,,,,,,,na,,na,,na,,na,historical_or_dev_validation,artifact_checked
csi_out:csi_out_fst:20mg 1周（4）.xlsx,FST,csi_xlsx,~/Work/depression抑郁绝望/9月10日集中标注/CSI分析强迫游泳数据/20mg 1周（4）.xlsx,10330,d666fb6e2ae3b0ccd4dbc765f1e6e0b8ea3a26f195cac9d06fd784225f49cdd9,xlsx,,,,,,,,,,,,,,,,,na,,na,,na,,na,historical_or_dev_validation,artifact_checked
csi_out:csi_out_fst:20mg 2周.BMP,FST,csi_bmp,~/Work/depression抑郁绝望/9月10日集中标注/CSI分析强迫游泳数据/20mg 2周.BMP,388854,ddca136fcb462989e60d7d42f4def5624810c952274d9198331f20f457acbae4,BMP,,,,,,,,,,,,,,,,,na,,na,,na,,na,historical_or_dev_validation,artifact_checked
csi_out:csi_out_fst:20mg 2周.CLB,FST,csi_clb,~/Work/depression抑郁绝望/9月10日集中标注/CSI分析强迫游泳数据/20mg 2周.CLB,308,9b51dd6013b692e07831e655c64f56e6cf93a4d89deae3da5e36c7dd787b15e6,CLB,,,,,,,,,,,,,,,,,na,,na,20mg 2周.CLB,bound_by_filename_only,,na,historical_or_dev_validation,artifact_checked
csi_out:csi_out_fst:20mg 2周（1）.xlsx,FST,csi_xlsx,~/Work/depression抑郁绝望/9月10日集中标注/CSI分析强迫游泳数据/20mg 2周（1）.xlsx,11097,38863247ae7e0d6b5b7e5beb1914d2b7c70c56f5868675bf16a93e0d9a03334a,xlsx,,,,,,,,,,,,,,,,,na,,na,,na,,na,historical_or_dev_validation,artifact_checked
csi_out:csi_out_fst:20mg 2周（2）.xlsx,FST,csi_xlsx,~/Work/depression抑郁绝望/9月10日集中标注/CSI分析强迫游泳数据/20mg 2周（2）.xlsx,10392,edb1c276ca416e27902e585b42c17718aa517579d05dc2035a0b8db702c88f47,xlsx,,,,,,,,,,,,,,,,,na,,na,,na,,na,historical_or_dev_validation,artifact_checked
csi_out:csi_out_fst:20mg 2周（3）.xlsx,FST,csi_xlsx,~/Work/depression抑郁绝望/9月10日集中标注/CSI分析强迫游泳数据/20mg 2周（3）.xlsx,10427,ab93bb8170756777ad429c842bd51f16df2d63f664586b063704598780243f93,xlsx,,,,,,,,,,,,,,,,,na,,na,,na,,na,historical_or_dev_validation,artifact_checked
csi_out:csi_out_fst:20mg 2周（4）.xlsx,FST,csi_xlsx,~/Work/depression抑郁绝望/9月10日集中标注/CSI分析强迫游泳数据/20mg 2周（4）.xlsx,11019,881714868d181371f912da76d43c060e1e54e84fd9eb050657d79160fc7dba67,xlsx,,,,,,,,,,,,,,,,,na,,na,,na,,na,historical_or_dev_validation,artifact_checked
csi_out:csi_out_fst:20mg1周.BMP,FST,csi_bmp,~/Work/depression抑郁绝望/9月10日集中标注/CSI分析强迫游泳数据/20mg1周.BMP,376710,09a3a5a5869365cdb8442991b45eb9be4013973161813da9f28d0d768ba0cb30,BMP,,,,,,,,,,,,,,,,,na,,na,,na,,na,historical_or_dev_validation,artifact_checked
csi_out:csi_out_fst:20mg1周.CLB,FST,csi_clb,~/Work/depression抑郁绝望/9月10日集中标注/CSI分析强迫游泳数据/20mg1周.CLB,308,d5c32e92e2453ebc5679ddfdb4b2bb858e4c6128d7c219762a5ed8ce658064ed,CLB,,,,,,,,,,,,,,,,,na,,na,20mg1周.CLB,bound_by_filename_only,,na,historical_or_dev_validation,artifact_checked
csi_out:csi_out_fst:28只鼠bin导出数据.xlsx,FST,csi_xlsx,~/Work/depression抑郁绝望/9月10日集中标注/CSI分析强迫游泳数据/28只鼠bin导出数据.xlsx,14645,6c37294ba8e1317d5f12afed33f32a57c23b680c4e22463f9a28c6123fa5adf0,xlsx,,,,,,,,,,,,,,,,,na,,na,,na,,na,historical_or_dev_validation,artifact_checked
csi_out:csi_out_fst:Bin导出数据.xlsx,FST,csi_xlsx,~/Work/depression抑郁绝望/9月10日集中标注/CSI分析强迫游泳数据/Bin导出数据.xlsx,12908,fb8fc4462ca5cc504d5b7ba8daf4af47dcf3500516bc5a6751a442d560acc4a0,xlsx,,,,,,,,,,,,,,,,,na,,na,,na,,na,historical_or_dev_validation,artifact_checked
csi_out:csi_out_fst:抑郁4-7.BMP,FST,csi_bmp,~/Work/depression抑郁绝望/9月10日集中标注/CSI分析强迫游泳数据/抑郁4-7.BMP,376710,db5e18bf8f065385a5df2c2b39eedd701dca13b5535fc27cbd25fffb85030f71,BMP,,,,,,,,,,,,,,,,,na,,na,,na,,na,historical_or_dev_validation,artifact_checked
csi_out:csi_out_fst:抑郁4-7.CLB,FST,csi_clb,~/Work/depression抑郁绝望/9月10日集中标注/CSI分析强迫游泳数据/抑郁4-7.CLB,308,c36482f43e81ff08745833d0eeaac8f7f66b5a8fb35defef85bc336a51b7b104,CLB,,,,,,,,,,,,,,,,,na,,na,抑郁4-7.CLB,bound_by_filename_only,,na,historical_or_dev_validation,artifact_checked
csi_out:csi_out_fst:抑郁4-7（1）.xlsx,FST,csi_xlsx,~/Work/depression抑郁绝望/9月10日集中标注/CSI分析强迫游泳数据/抑郁4-7（1）.xlsx,11712,59f5642dea57569c8b3e79733906438805a9889ca478549463bcaa8a18658787,xlsx,,,,,,,,,,,,,,,,,na,,na,,na,,na,historical_or_dev_validation,artifact_checked
csi_out:csi_out_fst:抑郁4-7（2）.xlsx,FST,csi_xlsx,~/Work/depression抑郁绝望/9月10日集中标注/CSI分析强迫游泳数据/抑郁4-7（2）.xlsx,11885,8796a9f31ad35abc9711bf8a6ca7b65daae4d3d561aece437f0963026f9034b4,xlsx,,,,,,,,,,,,,,,,,na,,na,,na,,na,historical_or_dev_validation,artifact_checked
csi_out:csi_out_fst:抑郁4-7（3）.xlsx,FST,csi_xlsx,~/Work/depression抑郁绝望/9月10日集中标注/CSI分析强迫游泳数据/抑郁4-7（3）.xlsx,10525,d2e7b4a1b5aac5ddca582f11190194bdf3109bb9b50ea212d3722e67b794a1f3,xlsx,,,,,,,,,,,,,,,,,na,,na,,na,,na,historical_or_dev_validation,artifact_checked
csi_out:csi_out_fst:抑郁4-7（4）.xlsx,FST,csi_xlsx,~/Work/depression抑郁绝望/9月10日集中标注/CSI分析强迫游泳数据/抑郁4-7（4）.xlsx,10599,8fa3cf94e45e92be68e0c01ab2b5724cc8f66e906806c5b720cc063027c25b46,xlsx,,,,,,,,,,,,,,,,,na,,na,,na,,na,historical_or_dev_validation,artifact_checked
csi_out:csi_out_fst:抑郁8-10.CLB,FST,csi_clb,~/Work/depression抑郁绝望/9月10日集中标注/CSI分析强迫游泳数据/抑郁8-10.CLB,308,0090bac11c0dd0ba216c3f217098865e21529fd724a25eda65640c4d2daf8532,CLB,,,,,,,,,,,,,,,,,na,,na,抑郁8-10.CLB,bound_by_filename_only,,na,historical_or_dev_validation,artifact_checked
csi_out:csi_out_fst:抑郁8-10（1）.xlsx,FST,csi_xlsx,~/Work/depression抑郁绝望/9月10日集中标注/CSI分析强迫游泳数据/抑郁8-10（1）.xlsx,10081,65793e3f1dd96cdc123a06e966b6dd6cbdd60e3dafe2c850752fa0d1b9ee816d,xlsx,,,,,,,,,,,,,,,,,na,,na,,na,,na,historical_or_dev_validation,artifact_checked
csi_out:csi_out_fst:抑郁8-10（2）.xlsx,FST,csi_xlsx,~/Work/depression抑郁绝望/9月10日集中标注/CSI分析强迫游泳数据/抑郁8-10（2）.xlsx,10960,3a786ce9dbb2942ff26286108932ba3439022b18756b91a69caee59880d4fff4,xlsx,,,,,,,,,,,,,,,,,na,,na,,na,,na,historical_or_dev_validation,artifact_checked
csi_out:csi_out_fst:抑郁8-10（3）.xlsx,FST,csi_xlsx,~/Work/depression抑郁绝望/9月10日集中标注/CSI分析强迫游泳数据/抑郁8-10（3）.xlsx,10669,83420ac11c8ec27b6f75b1960c1b7c4c3a50b93e823f7de39808fa540df985cc,xlsx,,,,,,,,,,,,,,,,,na,,na,,na,,na,historical_or_dev_validation,artifact_checked
csi_out:csi_out_fst:抑郁8-10（4）空鼠.xlsx,FST,csi_xlsx,~/Work/depression抑郁绝望/9月10日集中标注/CSI分析强迫游泳数据/抑郁8-10（4）空鼠.xlsx,9334,5951ee3451e1c4e53fcbe24d4474cd301b2ca1519f6ccdf577a68c5920de902c,xlsx,,,,,,,,,,,,,,,,,na,,na,,na,,na,historical_or_dev_validation,artifact_checked
csi_out:csi_out_fst:正常1-4.BMP,FST,csi_bmp,~/Work/depression抑郁绝望/9月10日集中标注/CSI分析强迫游泳数据/正常1-4.BMP,364758,2c9cf0b355bc303f8956ba6ea1663d34997e31a521703c5d0352259dad3d9a7e,BMP,,,,,,,,,,,,,,,,,na,,na,,na,,na,historical_or_dev_validation,artifact_checked
csi_out:csi_out_fst:正常1-4.CLB,FST,csi_clb,~/Work/depression抑郁绝望/9月10日集中标注/CSI分析强迫游泳数据/正常1-4.CLB,308,428b930e980d838fcaa11f473644def0c010a6c3b4d29b0e5f22481afbe67fec,CLB,,,,,,,,,,,,,,,,,na,,na,正常1-4.CLB,bound_by_filename_only,,na,historical_or_dev_validation,artifact_checked
csi_out:csi_out_fst:正常1-4（1）.xlsx,FST,csi_xlsx,~/Work/depression抑郁绝望/9月10日集中标注/CSI分析强迫游泳数据/正常1-4（1）.xlsx,10212,6fe01b1f574146243477d9ade06f53546fd4fc7b49779a5e245d20d96e7ac249,xlsx,,,,,,,,,,,,,,,,,na,,na,,na,,na,historical_or_dev_validation,artifact_checked
csi_out:csi_out_fst:正常1-4（2）.xlsx,FST,csi_xlsx,~/Work/depression抑郁绝望/9月10日集中标注/CSI分析强迫游泳数据/正常1-4（2）.xlsx,10356,7ce5219636de6b9f399bc099eaff694f0af6fbafa07ddde1e3e3554cc1147769,xlsx,,,,,,,,,,,,,,,,,na,,na,,na,,na,historical_or_dev_validation,artifact_checked
csi_out:csi_out_fst:正常1-4（3）.xlsx,FST,csi_xlsx,~/Work/depression抑郁绝望/9月10日集中标注/CSI分析强迫游泳数据/正常1-4（3）.xlsx,11069,f9671aa0974adfff71c8ad31e3b15e309edf0c0f1b275ebba3c0ea641f816bc9,xlsx,,,,,,,,,,,,,,,,,na,,na,,na,,na,historical_or_dev_validation,artifact_checked
csi_out:csi_out_fst:正常1-4（4）.xlsx,FST,csi_xlsx,~/Work/depression抑郁绝望/9月10日集中标注/CSI分析强迫游泳数据/正常1-4（4）.xlsx,10124,aad79913ed4e75386a37c3912bccd292e409676df5f4bcc140ec32b77ab6187e,xlsx,,,,,,,,,,,,,,,,,na,,na,,na,,na,historical_or_dev_validation,artifact_checked
csi_out:csi_out_fst:正常5+抑郁1-3.CLB,FST,csi_clb,~/Work/depression抑郁绝望/9月10日集中标注/CSI分析强迫游泳数据/正常5+抑郁1-3.CLB,308,6b5ac0db860e7b1e7005217fbcfa222abd832d648c78df233f0fc01db6c818ee,CLB,,,,,,,,,,,,,,,,,na,,na,正常5+抑郁1-3.CLB,bound_by_filename_only,,na,historical_or_dev_validation,artifact_checked
csi_out:csi_out_fst:正常5+抑郁1-3（1）.xlsx,FST,csi_xlsx,~/Work/depression抑郁绝望/9月10日集中标注/CSI分析强迫游泳数据/正常5+抑郁1-3（1）.xlsx,10170,eb46295b00ac8e36bc03df157b1d9dd48cbeb8a40c7c9137aeff44d2b80b8c58,xlsx,,,,,,,,,,,,,,,,,na,,na,,na,,na,historical_or_dev_validation,artifact_checked
csi_out:csi_out_fst:正常5+抑郁1-3（2）.xlsx,FST,csi_xlsx,~/Work/depression抑郁绝望/9月10日集中标注/CSI分析强迫游泳数据/正常5+抑郁1-3（2）.xlsx,11815,0dca2262003d9679ae1f5a83298077b92da14c1a6d6944f822a34e5070b185a0,xlsx,,,,,,,,,,,,,,,,,na,,na,,na,,na,historical_or_dev_validation,artifact_checked
csi_out:csi_out_fst:正常5+抑郁1-3（3）.xlsx,FST,csi_xlsx,~/Work/depression抑郁绝望/9月10日集中标注/CSI分析强迫游泳数据/正常5+抑郁1-3（3）.xlsx,10670,1bf2aa49a83e5e284a5fb3999ec59af49efb0341b978a40d9adb1ba518e8bda9,xlsx,,,,,,,,,,,,,,,,,na,,na,,na,,na,historical_or_dev_validation,artifact_checked
csi_out:csi_out_fst:正常5+抑郁1-3（4）.xlsx,FST,csi_xlsx,~/Work/depression抑郁绝望/9月10日集中标注/CSI分析强迫游泳数据/正常5+抑郁1-3（4）.xlsx,11840,8df0f785d02c41a826fe79240336003532b17a4bd91224caa99d5933a67e5e60,xlsx,,,,,,,,,,,,,,,,,na,,na,,na,,na,historical_or_dev_validation,artifact_checked
csi_out:csi_out_ctrl:正常1-4对照.CLB,FST,csi_clb,~/Work/depression抑郁绝望/9月10日集中标注/CSI分析强迫游泳数据_对照参数/正常1-4对照.CLB,308,eb6dd23b93ec8f31d85e5e3090550f878ae9e20569df1b4437c344cd1e6b9470,CLB,,,,,,,,,,,,,,,,,na,,na,正常1-4对照.CLB,bound_by_filename_only,,na,historical_or_dev_validation,artifact_checked
csi_out:csi_out_ctrl:正常1-4对照.SET,FST,csi_set,~/Work/depression抑郁绝望/9月10日集中标注/CSI分析强迫游泳数据_对照参数/正常1-4对照.SET,1611,fd9596e5a588e15c053585c0d5693de44d29e2f4eaf6b0f4a70cda5a37fafce2,SET,,,,,,,,,,,,,,,,,na,,na,,na,,na,historical_or_dev_validation,artifact_checked
csi_out:csi_out_ctrl:正常1-4对照更改.SET,FST,csi_set,~/Work/depression抑郁绝望/9月10日集中标注/CSI分析强迫游泳数据_对照参数/正常1-4对照更改.SET,1527,a0037420d1e69a23dbda5ba5761bd864ec0345a809f1dc1b1067deda90b2a673,SET,,,,,,,,,,,,,,,,,na,,na,,na,,na,historical_or_dev_validation,artifact_checked
csi_out:csi_out_ctrl:正常1-4对照（1）.xlsx,FST,csi_xlsx,~/Work/depression抑郁绝望/9月10日集中标注/CSI分析强迫游泳数据_对照参数/正常1-4对照（1）.xlsx,11289,d10fb911b90d1c10ea178a5d84acb70a0cc2bf0c0ef9d5fbab3479270c4b0caf,xlsx,,,,,,,,,,,,,,,,,na,,na,,na,,na,historical_or_dev_validation,artifact_checked
csi_out:csi_out_ctrl:正常1-4对照（2）.xlsx,FST,csi_xlsx,~/Work/depression抑郁绝望/9月10日集中标注/CSI分析强迫游泳数据_对照参数/正常1-4对照（2）.xlsx,10743,7d193ee84ac9cf21a8d03ce6eed1daf14bfe4714560dc7323e5edd8b832c1c73,xlsx,,,,,,,,,,,,,,,,,na,,na,,na,,na,historical_or_dev_validation,artifact_checked
csi_out:csi_out_ctrl:正常1-4对照（3）.xlsx,FST,csi_xlsx,~/Work/depression抑郁绝望/9月10日集中标注/CSI分析强迫游泳数据_对照参数/正常1-4对照（3）.xlsx,10968,6cf998d1be29a225ee59e1aef9c75151273b7128d61ae4749b1502ce629deea0,xlsx,,,,,,,,,,,,,,,,,na,,na,,na,,na,historical_or_dev_validation,artifact_checked
csi_out:csi_out_ctrl:正常1-4对照（4）.xlsx,FST,csi_xlsx,~/Work/depression抑郁绝望/9月10日集中标注/CSI分析强迫游泳数据_对照参数/正常1-4对照（4）.xlsx,10866,09932584b9184c4aa6fef17c219c410d60b6d55fc2e954d02aed0e4b2a47be9b,xlsx,,,,,,,,,,,,,,,,,na,,na,,na,,na,historical_or_dev_validation,artifact_checked
csi_out:csi_out_rest:10mg 2周.SET,FST,csi_set,~/Work/depression抑郁绝望/9月10日集中标注/剩余游泳视频数据/10mg 2周.SET,1611,72d13192c375fd413ef96718b5efde85d11be1cd22be6d632ed6e31c357b0cf4,SET,,,,,,,,,,,,,,,,,na,,na,,na,,na,historical_or_dev_validation,artifact_checked
csi_out:csi_out_rest:28只鼠bin导出数据.xlsx,FST,csi_xlsx,~/Work/depression抑郁绝望/9月10日集中标注/剩余游泳视频数据/28只鼠bin导出数据.xlsx,14645,6c37294ba8e1317d5f12afed33f32a57c23b680c4e22463f9a28c6123fa5adf0,xlsx,,,,,,,,,,,,,,,,,na,,na,,na,,na,historical_or_dev_validation,artifact_checked
csi_out:csi_out_rest:抑郁8-10.BMP,FST,csi_bmp,~/Work/depression抑郁绝望/9月10日集中标注/剩余游泳视频数据/抑郁8-10.BMP,391734,aea28ccf6d411d569401c8c4fcbac17151fbc83bb6686a201633d1ba2fd45253,BMP,,,,,,,,,,,,,,,,,na,,na,,na,,na,historical_or_dev_validation,artifact_checked
csi_out:csi_out_rest:抑郁8-10.CLB,FST,csi_clb,~/Work/depression抑郁绝望/9月10日集中标注/剩余游泳视频数据/抑郁8-10.CLB,308,0090bac11c0dd0ba216c3f217098865e21529fd724a25eda65640c4d2daf8532,CLB,,,,,,,,,,,,,,,,,na,,na,抑郁8-10.CLB,bound_by_filename_only,,na,historical_or_dev_validation,artifact_checked
csi_out:csi_out_rest:抑郁8-10（1）.xlsx,FST,csi_xlsx,~/Work/depression抑郁绝望/9月10日集中标注/剩余游泳视频数据/抑郁8-10（1）.xlsx,10081,65793e3f1dd96cdc123a06e966b6dd6cbdd60e3dafe2c850752fa0d1b9ee816d,xlsx,,,,,,,,,,,,,,,,,na,,na,,na,,na,historical_or_dev_validation,artifact_checked
csi_out:csi_out_rest:抑郁8-10（2）.xlsx,FST,csi_xlsx,~/Work/depression抑郁绝望/9月10日集中标注/剩余游泳视频数据/抑郁8-10（2）.xlsx,10960,3a786ce9dbb2942ff26286108932ba3439022b18756b91a69caee59880d4fff4,xlsx,,,,,,,,,,,,,,,,,na,,na,,na,,na,historical_or_dev_validation,artifact_checked
csi_out:csi_out_rest:抑郁8-10（3）.xlsx,FST,csi_xlsx,~/Work/depression抑郁绝望/9月10日集中标注/剩余游泳视频数据/抑郁8-10（3）.xlsx,10669,83420ac11c8ec27b6f75b1960c1b7c4c3a50b93e823f7de39808fa540df985cc,xlsx,,,,,,,,,,,,,,,,,na,,na,,na,,na,historical_or_dev_validation,artifact_checked
csi_out:csi_out_rest:抑郁8-10（4）空鼠.xlsx,FST,csi_xlsx,~/Work/depression抑郁绝望/9月10日集中标注/剩余游泳视频数据/抑郁8-10（4）空鼠.xlsx,9334,5951ee3451e1c4e53fcbe24d4474cd301b2ca1519f6ccdf577a68c5920de902c,xlsx,,,,,,,,,,,,,,,,,na,,na,,na,,na,historical_or_dev_validation,artifact_checked
csi_out:csi_out_rest:正常5+抑郁1-3.BMP,FST,csi_bmp,~/Work/depression抑郁绝望/9月10日集中标注/剩余游泳视频数据/正常5+抑郁1-3.BMP,391734,c3d5526ab26b25f6888f7734f4aeeee21438bcb40ba27959f593ebc69e3e643c,BMP,,,,,,,,,,,,,,,,,na,,na,,na,,na,historical_or_dev_validation,artifact_checked
csi_out:csi_out_rest:正常5+抑郁1-3.CLB,FST,csi_clb,~/Work/depression抑郁绝望/9月10日集中标注/剩余游泳视频数据/正常5+抑郁1-3.CLB,308,6b5ac0db860e7b1e7005217fbcfa222abd832d648c78df233f0fc01db6c818ee,CLB,,,,,,,,,,,,,,,,,na,,na,正常5+抑郁1-3.CLB,bound_by_filename_only,,na,historical_or_dev_validation,artifact_checked
csi_out:csi_out_rest:正常5+抑郁1-3（1）.xlsx,FST,csi_xlsx,~/Work/depression抑郁绝望/9月10日集中标注/剩余游泳视频数据/正常5+抑郁1-3（1）.xlsx,10170,eb46295b00ac8e36bc03df157b1d9dd48cbeb8a40c7c9137aeff44d2b80b8c58,xlsx,,,,,,,,,,,,,,,,,na,,na,,na,,na,historical_or_dev_validation,artifact_checked
csi_out:csi_out_rest:正常5+抑郁1-3（2）.xlsx,FST,csi_xlsx,~/Work/depression抑郁绝望/9月10日集中标注/剩余游泳视频数据/正常5+抑郁1-3（2）.xlsx,11815,0dca2262003d9679ae1f5a83298077b92da14c1a6d6944f822a34e5070b185a0,xlsx,,,,,,,,,,,,,,,,,na,,na,,na,,na,historical_or_dev_validation,artifact_checked
csi_out:csi_out_rest:正常5+抑郁1-3（3）.xlsx,FST,csi_xlsx,~/Work/depression抑郁绝望/9月10日集中标注/剩余游泳视频数据/正常5+抑郁1-3（3）.xlsx,10670,1bf2aa49a83e5e284a5fb3999ec59af49efb0341b978a40d9adb1ba518e8bda9,xlsx,,,,,,,,,,,,,,,,,na,,na,,na,,na,historical_or_dev_validation,artifact_checked
csi_out:csi_out_rest:正常5+抑郁1-3（4）.xlsx,FST,csi_xlsx,~/Work/depression抑郁绝望/9月10日集中标注/剩余游泳视频数据/正常5+抑郁1-3（4）.xlsx,11840,8df0f785d02c41a826fe79240336003532b17a4bd91224caa99d5933a67e5e60,xlsx,,,,,,,,,,,,,,,,,na,,na,,na,,na,historical_or_dev_validation,artifact_checked
csi_out:csi_out_norm14:正常1-4对照.BMP,FST,csi_bmp,~/Work/depression抑郁绝望/9月10日集中标注/正常1-4对照数据/正常1-4对照.BMP,364758,b08bf472a562606a9cde8fc90c0416b3c37669a07eb8836891db828699a501bc,BMP,,,,,,,,,,,,,,,,,na,,na,,na,,na,historical_or_dev_validation,artifact_checked
csi_out:csi_out_norm14:正常1-4对照.CLB,FST,csi_clb,~/Work/depression抑郁绝望/9月10日集中标注/正常1-4对照数据/正常1-4对照.CLB,308,eb6dd23b93ec8f31d85e5e3090550f878ae9e20569df1b4437c344cd1e6b9470,CLB,,,,,,,,,,,,,,,,,na,,na,正常1-4对照.CLB,bound_by_filename_only,,na,historical_or_dev_validation,artifact_checked
csi_out:csi_out_norm14:正常1-4对照.SET,FST,csi_set,~/Work/depression抑郁绝望/9月10日集中标注/正常1-4对照数据/正常1-4对照.SET,1611,fd9596e5a588e15c053585c0d5693de44d29e2f4eaf6b0f4a70cda5a37fafce2,SET,,,,,,,,,,,,,,,,,na,,na,,na,,na,historical_or_dev_validation,artifact_checked
csi_out:csi_out_norm14:正常1-4对照（1）.xlsx,FST,csi_xlsx,~/Work/depression抑郁绝望/9月10日集中标注/正常1-4对照数据/正常1-4对照（1）.xlsx,11289,d10fb911b90d1c10ea178a5d84acb70a0cc2bf0c0ef9d5fbab3479270c4b0caf,xlsx,,,,,,,,,,,,,,,,,na,,na,,na,,na,historical_or_dev_validation,artifact_checked
csi_out:csi_out_norm14:正常1-4对照（2）.xlsx,FST,csi_xlsx,~/Work/depression抑郁绝望/9月10日集中标注/正常1-4对照数据/正常1-4对照（2）.xlsx,10743,7d193ee84ac9cf21a8d03ce6eed1daf14bfe4714560dc7323e5edd8b832c1c73,xlsx,,,,,,,,,,,,,,,,,na,,na,,na,,na,historical_or_dev_validation,artifact_checked
csi_out:csi_out_norm14:正常1-4对照（3）.xlsx,FST,csi_xlsx,~/Work/depression抑郁绝望/9月10日集中标注/正常1-4对照数据/正常1-4对照（3）.xlsx,10968,6cf998d1be29a225ee59e1aef9c75151273b7128d61ae4749b1502ce629deea0,xlsx,,,,,,,,,,,,,,,,,na,,na,,na,,na,historical_or_dev_validation,artifact_checked
csi_out:csi_out_norm14:正常1-4对照（4）.xlsx,FST,csi_xlsx,~/Work/depression抑郁绝望/9月10日集中标注/正常1-4对照数据/正常1-4对照（4）.xlsx,10866,09932584b9184c4aa6fef17c219c410d60b6d55fc2e954d02aed0e4b2a47be9b,xlsx,,,,,,,,,,,,,,,,,na,,na,,na,,na,historical_or_dev_validation,artifact_checked
ui_screenshot:na:212E99C9-4DCB-4928-8854-B699AD43BEF0.png,na,ui_screenshot,~/Work/depression抑郁绝望/9月10日集中标注/212E99C9-4DCB-4928-8854-B699AD43BEF0.png,17413,7f461b59023fc8dfd956e821167cac48f10b4c78894c689864be842eff4fe634,png,,,,,,,,,,,,,,,,,na,,na,,na,,na,historical_or_dev_validation,artifact_checked
ui_screenshot:na:6ACDB132-3517-44b8-9355-88297DCC1118.png,na,ui_screenshot,~/Work/depression抑郁绝望/9月10日集中标注/6ACDB132-3517-44b8-9355-88297DCC1118.png,16043,438533c85a5a6b7057beeecc6993da77fed17d301d5044525a8646c9fc43372f,png,,,,,,,,,,,,,,,,,na,,na,,na,,na,historical_or_dev_validation,artifact_checked
ui_screenshot:na:A5355A56-C9E4-4af7-843B-8E42E398E26C.png,na,ui_screenshot,~/Work/depression抑郁绝望/9月10日集中标注/A5355A56-C9E4-4af7-843B-8E42E398E26C.png,19396,fcb8d349811102a573d92f42e42687c352fb84ecf71e2022d3afb1d3e0708502,png,,,,,,,,,,,,,,,,,na,,na,,na,,na,historical_or_dev_validation,artifact_checked
ui_screenshot:na:C5C8BD02-4F48-483d-BEC6-B904F3D88FAD.png,na,ui_screenshot,~/Work/depression抑郁绝望/9月10日集中标注/C5C8BD02-4F48-483d-BEC6-B904F3D88FAD.png,14569,d73b50ca1608fb11d84f3e6bc9649f8788648766f4465c12ebca73343ff213eb,png,,,,,,,,,,,,,,,,,na,,na,,na,,na,historical_or_dev_validation,artifact_checked
ui_screenshot:na:E2FB9DB0-2A74-4c8d-8657-7503FFD9EAC6.png,na,ui_screenshot,~/Work/depression抑郁绝望/9月10日集中标注/E2FB9DB0-2A74-4c8d-8657-7503FFD9EAC6.png,18011,7a62bd0f80ae56b5381356a286133c1c57ff8caf54f832f2db3274d6ab7cdc8e,png,,,,,,,,,,,,,,,,,na,,na,,na,,na,historical_or_dev_validation,artifact_checked
ui_screenshot:na:E85927BB-EB03-42b3-9B15-09EDAF6B270D.png,na,ui_screenshot,~/Work/depression抑郁绝望/9月10日集中标注/E85927BB-EB03-42b3-9B15-09EDAF6B270D.png,13616,1d64578fde39b40bc8d785384fb1ada8ef4636cd4d1dc9c94eb9a49dff99c510,png,,,,,,,,,,,,,,,,,na,,na,,na,,na,historical_or_dev_validation,artifact_checked
ui_screenshot:na:FDDE4A9E-A3A6-44c9-A4F0-ADC84FADEF62.png,na,ui_screenshot,~/Work/depression抑郁绝望/9月10日集中标注/FDDE4A9E-A3A6-44c9-A4F0-ADC84FADEF62.png,14686,83856ec06692f1a411f4c1d6bf2c4329568f36acc8cc884d1cfe109743b616e6,png,,,,,,,,,,,,,,,,,na,,na,,na,,na,historical_or_dev_validation,artifact_checked
repo_fixture:na:10mg 2周.SET,na,repo_fixture,~/Work/dpfstcsi-wt/tests/fixtures/csi_fst/10mg 2周.SET,1611,72d13192c375fd413ef96718b5efde85d11be1cd22be6d632ed6e31c357b0cf4,SET,,,,,,,,,,,,,,,,,na,,na,,na,,na,test_golden,independently_reproduced
repo_fixture:na:抑郁8-10（4）空鼠.xlsx,na,repo_fixture,~/Work/dpfstcsi-wt/tests/fixtures/csi_fst/抑郁8-10（4）空鼠.xlsx,9334,5951ee3451e1c4e53fcbe24d4474cd301b2ca1519f6ccdf577a68c5920de902c,xlsx,,,,,,,,,,,,,,,,,na,,na,,na,,na,test_golden,independently_reproduced
repo_fixture:na:正常1-4.CLB,na,repo_fixture,~/Work/dpfstcsi-wt/tests/fixtures/csi_fst/正常1-4.CLB,308,428b930e980d838fcaa11f473644def0c010a6c3b4d29b0e5f22481afbe67fec,CLB,,,,,,,,,,,,,,,,,na,,na,,na,,na,test_golden,independently_reproduced
repo_fixture:na:正常1-4对照更改.SET,na,repo_fixture,~/Work/dpfstcsi-wt/tests/fixtures/csi_fst/正常1-4对照更改.SET,1527,a0037420d1e69a23dbda5ba5761bd864ec0345a809f1dc1b1067deda90b2a673,SET,,,,,,,,,,,,,,,,,na,,na,,na,,na,test_golden,independently_reproduced
repo_fixture:na:正常1-4（1）.xlsx,na,repo_fixture,~/Work/dpfstcsi-wt/tests/fixtures/csi_fst/正常1-4（1）.xlsx,10212,6fe01b1f574146243477d9ade06f53546fd4fc7b49779a5e245d20d96e7ac249,xlsx,,,,,,,,,,,,,,,,,na,,na,,na,,na,test_golden,independently_reproduced
repo_fixture:na:正常5+抑郁1-3（2）.xlsx,na,repo_fixture,~/Work/dpfstcsi-wt/tests/fixtures/csi_fst/正常5+抑郁1-3（2）.xlsx,11815,0dca2262003d9679ae1f5a83298077b92da14c1a6d6944f822a34e5070b185a0,xlsx,,,,,,,,,,,,,,,,,na,,na,,na,,na,test_golden,independently_reproduced
registry_doc:na:CSI输入视频映射表.csv,na,registry_doc,~/Work/dpfstcsi-wt/docs/CSI输入视频映射表.csv,1606,007b273fb991b271d89400888e676e0ba2860dfaf72e8e9a047023e30894b697,csv,,,,,,,,,,,,,,,,,na,,na,,na,,na,engineering_only,artifact_checked
registry_doc:na:cut_provenance.csv,na,registry_doc,~/Downloads/tst_30clips/cut_provenance.csv,3806,7a8cfc35e11542439a95c5f3f69f8eb64f4d02b11e70cb940a836972ceaa6059,csv,,,,,,,,,,,,,,,,,na,,na,,na,,na,engineering_only,artifact_checked
registry_doc:na:manifest.csv,na,registry_doc,~/Downloads/tst_30clips/manifest.csv,1184,5ae58e0deadbf1faf0cb182b12ef5acb7daf7c6feea4c50f0accf11354cbff53,csv,,,,,,,,,,,,,,,,,na,,na,,na,,na,engineering_only,artifact_checked
registry_doc:na:CSI参数与文件格式_实录_2026-09-10.md,na,registry_doc,~/Work/depression抑郁绝望/9月10日集中标注/CSI参数与文件格式_实录_2026-09-10.md,9359,1492ba15b0cb7e2be898f1dadff047a5e534b110fd222a627f292c3a21703533,md,,,,,,,,,,,,,,,,,na,,na,,na,,na,engineering_only,artifact_checked
csi_exe:na:ForcedSwimScan.exe,na,csi_exe,~/Downloads/Depressionscan  HR.zip!Depressionscan  HR/ForcedSwimScan-Ver2/HR-V2.0/ForcedSwimScan.exe,3923968,341a5ba8d9bec53455234a7872ef2bb57cff837c04efaa2ce8d6f5533e2bd054,exe,,,,,,,,,,,,,,,,,na,,na,,na,,na,forensic_hash_only_no_run_scope,static_recovered
csi_exe:na:TailSuspScan.exe,na,csi_exe,~/Downloads/Depressionscan  HR.zip!Depressionscan  HR/TailSuspScan-Ver2/HR-V2.0/TailSuspScan.exe,3897344,aa85e490abd8c605ac0ac52f874a9c1a7f679b094e6ffb8a8da346690ecbc95c,exe,,,,,,,,,,,,,,,,,na,,na,,na,,na,forensic_hash_only_no_run_scope,static_recovered
